name;category;city;address;street;house_number;house
arnie morton\s of chicago';american;los angeles;435 s. la cienega blv.;s. la cienega blv.;435;
art\s delicatessen';american;studio city;12224 ventura boulevard;ventura boulevard;12224;
hotel bel-air;californian;bel air;701 stone canyon road;stone canyon road;701;
cafe bizou;french;sherman oaks;14016 ventura boulevard;ventura boulevard;14016;
campanile;american;los angeles;624 s. la brea ave.;s. la brea ave.;624;
chinois on main;french;santa monica;2709 main st.;main st.;2709;
citrus;californian;los angeles;6703 melrose avenue;melrose avenue;6703;
fenix;american;hollywood;8358 sunset boulevard west;sunset boulevard west;8358;
granita;californian;malibu;23725 w. malibu rd.;w. malibu rd.;23725;
grill on the alley;american;los angeles;9560 dayton way;dayton way;9560;
restaurant katsu;asian;los angeles;1972 n. hillhurst ave.;n. hillhurst ave.;1972;
l\orangerie';french;los angeles;903 n. la cienega blvd.;n. la cienega blvd.;903;
le chardonnay;french;los angeles;8284 melrose avenue;melrose avenue;8284;
locanda veneta;italian;los angeles;3rd st.;3rd st.;;
matsuhisa;asian;beverly hills;129 n. la cienega blvd.;n. la cienega blvd.;129;
the palm;american;los angeles;9001 santa monica boulevard;santa monica boulevard;9001;
patina;californian;los angeles;5955 melrose avenue;melrose avenue;5955;
philippe\s the original';american;los angeles;1001 n. alameda st.;n. alameda st.;1001;
pinot bistro;french;los angeles;12969 ventura boulevard;ventura boulevard;12969;
rex il ristorante;italian;los angeles;617 s. olive st.;s. olive st.;617;
spago;californian;los angeles;1114 horn avenue;horn avenue;1114;
valentino;italian;santa monica;3115 pico boulevard;pico boulevard;3115;
yujean kang\s gourmet chinese cuisine';asian;los angeles;67 n. raymond ave.;n. raymond ave.;67;
21 club;american;new york;21 w. 52nd st.;w. 52nd st.;21;
aquavit;continental;new york;13 w. 54th st.;w. 54th st.;13;
aureole;american;new york;34 e. 61st st.;e. 61st st.;34;
cafe lalo;coffee bar;new york;201 w. 83rd st.;w. 83rd st.;201;
cafe des artistes;continental;new york;1 w. 67th st.;w. 67th st.;1;
carmine\s';italian;new york;2450 broadway  between 90th and 91st sts.;broadway between 90th and 91st sts.;2450;
carnegie deli;delicatessen;new york;854 7th ave.  between 54th and 55th sts.;7th ave. between 54th and 55th sts.;854;
chanterelle;american;new york;2 harrison st.  near hudson st.;harrison st. near hudson st.;2;
daniel;french;new york;20 e. 76th st.;e. 76th st.;20;
dawat;asian;new york;210 e. 58th st.;e. 58th st.;210;
felidia;italian;new york;243 e. 58th st.;e. 58th st.;243;
four seasons grill room;american;new york;99 e. 52nd st.;e. 52nd st.;99;
gotham bar & grill;american;new york;12 e. 12th st.;e. 12th st.;12;
gramercy tavern;american;new york;42 e. 20th st.  between park ave. s and broadway;e. 20th st. between park ave. s and broadway;42;
island spice;tel caribbean;new york;402 w. 44th st.;w. 44th st.;402;
jo jo;american;new york;160 e. 64th st.;e. 64th st.;160;
la caravelle;french;new york;33 w. 55th st.;w. 55th st.;33;
la cote basque;french;new york;60 w. 55th st.  between 5th and 6th ave.;w. 55th st. between 5th and 6th ave.;60;
le bernardin;french;new york;155 w. 51st st.;w. 51st st.;155;
les celebrites;french;new york;160 central park s;central park s;160;
lespinasse;american;new york;2 e. 55th st.;e. 55th st.;2;
lutece;french;new york;249 e. 50th st.;e. 50th st.;249;
manhattan ocean club;seafood;new york;57 w. 58th st.;w. 58th st.;57;
march;american;new york;405 e. 58th st.;e. 58th st.;405;
mesa grill;american;new york;102 5th ave.  between 15th and 16th sts.;5th ave. between 15th and 16th sts.;102;
mi cocina;mexican;new york;57 jane st.  off hudson st.;jane st. off hudson st.;57;
montrachet;french;new york;239 w. broadway  between walker and white sts.;w. broadway between walker and white sts.;239;
oceana;seafood;new york;55 e. 54th st.;e. 54th st.;55;
park avenue cafe;american;new york;100 e. 63rd st.;e. 63rd st.;100;
petrossian;french;new york;182 w. 58th st.;w. 58th st.;182;
picholine;mediterranean;new york;35 w. 64th st.;w. 64th st.;35;
pisces;seafood;new york;95 ave. a at 6th st.;ave. a at 6th st.;95;
rainbow room;or 212/632-5100 american;new york;30 rockefeller plaza;;;30 rockefeller plaza
river cafe;american;brooklyn;1 water st. at the east river;water st. at the east river;1;
san domenico;italian;new york;240 central park s;central park s;240;
second avenue deli;delicatessen;new york;156 2nd ave. at 10th st.;2nd ave. at 10th st.;156;
seryna;asian;new york;11 e. 53rd st.;e. 53rd st.;11;
shun lee west;asian;new york;43 w. 65th st.;w. 65th st.;43;
sign of the dove;american;new york;1110 3rd ave. at 65th st.;3rd ave. at 65th st.;1110;
smith & wollensky;american;new york;201 e. 49th st.;e. 49th st.;201;
tavern on the green;american;new york;in central park at 67th st.;;;in central park at 67th st.
uncle nick\s';mediterranean;new york;747 9th ave.  between 50th and 51st sts.;9th ave. between 50th and 51st sts.;747;
union square cafe;american;new york;21 e. 16th st.;e. 16th st.;21;
virgil\s';american;new york;152 w. 44th st.;w. 44th st.;152;
chin\s';asian;las vegas;3200 las vegas blvd. s;las vegas blvd. s;3200;
coyote cafe;southwestern;las vegas;3799 las vegas blvd. s;las vegas blvd. s;3799;
le montrachet;continental;las vegas;3000 w. paradise rd.;w. paradise rd.;3000;
palace court;continental;las vegas;3570 las vegas blvd. s;las vegas blvd. s;3570;
second street grille;seafood;las vegas;200 e. fremont st.;e. fremont st.;200;
steak house;steak houses;las vegas;2880 las vegas blvd. s;las vegas blvd. s;2880;
tillerman;seafood;las vegas;2245 e. flamingo rd.;e. flamingo rd.;2245;
abruzzi;italian;atlanta;2355 peachtree road peachtree battle shopping center;peachtree road;2355;battle shopping center
bacchanalia;international;atlanta;3125 piedmont road near peachtree road;piedmont road near peachtree road;3125;
bone\s';american;atlanta;3130 piedmont road;piedmont road;3130;
brasserie le coze;french;atlanta;3393 peachtree road lenox square mall near neiman marcus;peachtree road lenox square mall near neiman marcus;3393;
buckhead diner;american;atlanta;3073 piedmont road;piedmont road;3073;
ciboulette;french;atlanta;1529 piedmont avenue;piedmont avenue;1529;
delectables;american;atlanta;1 margaret mitchell square;margaret mitchell square;1;
georgia grille;american;atlanta;2290 peachtree road peachtree square shopping center;peachtree road;2290;square shopping center
hedgerose heights inn;international;atlanta;490 e. paces ferry rd.;e. paces ferry rd.;490;
heera of india;asian;atlanta;595 piedmont avenue rio shopping center mall;piedmont avenue;595;rio shopping center mall
indigo coastal grill;caribbean;atlanta;1397 n. highland ave.;n. highland ave.;1397;
la grotta;italian;atlanta;2637 peachtree road peachtree house condominium;peachtree road;2637;peachtree house condominium
mary mac\s tea room';southern;atlanta;224 ponce de leon ave.;ponce de leon ave.;224;
nikolai\s roof';continental;atlanta;255 courtland st.  at harris st.;courtland st. at harris st.;255;
pano\s and paul\'s';international;atlanta;1232 w. paces ferry rd.;w. paces ferry rd.;1232;
cafe  ritz-carlton  buckhead;ext 6108 international;atlanta;3434 peachtree road;peachtree road;3434;
dining room  ritz-carlton  buckhead;international;atlanta;3434 peachtree road;peachtree road;3434;
restaurant  ritz-carlton  atlanta;continental;atlanta;181 peachtree st.;peachtree st.;181;
toulouse;french;atlanta;b peachtree road;b peachtree road;;
veni vidi vici;italian;atlanta;41 14th st.;14th st.;41;
alain rondelli;french;san francisco;126 clement st.;clement st.;126;
aqua;seafood;san francisco;252 california st.;california st.;252;
boulevard;american;san francisco;1 mission st.;mission st.;1;
cafe claude;french;san francisco;7 claude la.;claude la.;7;
campton place;american;san francisco;340 stockton st.;stockton st.;340;
chez michel;french;san francisco;804 northpoint;northpoint;804;
fleur de lys;french;san francisco;777 sutter st.;sutter st.;777;
fringale;french;san francisco;570 4th st.;4th st.;570;
hawthorne lane;american;san francisco;22 hawthorne st.;hawthorne st.;22;
khan toke thai house;asian;san francisco;5937 geary boulevard;geary boulevard;5937;
la folie;french;san francisco;2316 polk st.;polk st.;2316;
lulu;mediterranean;san francisco;816 folsom st.;folsom st.;816;
masa\s';french;san francisco;648 bush st.;bush st.;648;
mifune japan center  kintetsu building;asian;san francisco;1737 post st.;post st.;1737;
plumpjack cafe;mediterranean;san francisco;3201 fillmore st.;fillmore st.;3201;
postrio;american;san francisco;545 post st.;post st.;545;
ritz-carlton restaurant and dining room;american;san francisco;600 stockton st.;stockton st.;600;
rose pistola;italian;san francisco;532 columbus avenue;columbus avenue;532;
bolo;mediterranean;new york;23 e. 22nd st.;e. 22nd st.;23;
il nido;italian;new york;251 e. 53rd st.;e. 53rd st.;251;
remi;italian;new york;145 w. 53rd st.;w. 53rd st.;145;
adriano\s ristorante';italian;los angeles;2930 beverly glen circle;beverly glen circle;2930;
barney greengrass;american;beverly hills;9570 wilshire boulevard;wilshire boulevard;9570;
beaurivage;french;malibu;26025 pacific coast highway;pacific coast highway;26025;
bistro garden;californian;los angeles;176 n. canon dr.;n. canon dr.;176;
border grill;mexican;los angeles;4th st.;4th st.;;
broadway deli;american;santa monica;3rd st. promenade;3rd st. promenade;;
ca\brea';italian;los angeles;346 s. la brea ave.;s. la brea ave.;346;
ca\del sol';italian;los angeles;4100 cahuenga boulevard;cahuenga boulevard;4100;
cafe pinot;californian;los angeles;700 w. fifth st.;w. fifth st.;700;
california pizza kitchen;californian;los angeles;207 s. beverly dr.;s. beverly dr.;207;
canter\s';american;los angeles;419 n. fairfax ave.;n. fairfax ave.;419;
cava;mediterranean;los angeles;3rd st.;3rd st.;;
cha cha cha;caribbean;los angeles;656 n. virgil ave.;n. virgil ave.;656;
chan dara;asian;los angeles;310 n. larchmont blvd.;n. larchmont blvd.;310;
clearwater cafe;health food;los angeles;168 w. colorado blvd.;w. colorado blvd.;168;
dining room;californian;los angeles;9500 wilshire boulevard;wilshire boulevard;9500;
dive!;dive american;los angeles;10250 santa monica boulevard;santa monica boulevard;10250;
drago;italian;santa monica;2628 wilshire boulevard;wilshire boulevard;2628;
drai\s';french;los angeles;730 n. la cienega blvd.;n. la cienega blvd.;730;
dynasty room;continental;los angeles;930 hilgard avenue;hilgard avenue;930;
eclipse;californian;los angeles;8800 melrose avenue;melrose avenue;8800;
ed debevic\s';american;los angeles;134 n. la cienega;n. la cienega;134;
el cholo;mexican;los angeles;1121 southwestern avenue;southwestern avenue;1121;
gilliland\s';american;santa monica;2424 main st.;main st.;2424;
gladstone\s';american;pacific palisades;4 fish 17300 pacific coast highway at sunset boulevard;pacific coast highway at sunset boulevard;17300;
hard rock cafe;american;los angeles;8600 beverly boulevard;beverly boulevard;8600;
harry\s bar & american grill';italian;los angeles;2020 avenue of the stars;avenue of the stars;2020;
il fornaio cucina italiana;italian;los angeles;301 n. beverly dr.;n. beverly dr.;301;
jack sprat\s grill';health food;los angeles;10668 w. pico blvd.;w. pico blvd.;10668;
jackson\s farm';californian;los angeles;439 n. beverly drive;n. beverly drive;439;
jimmy\s';continental;los angeles;201 moreno dr.;moreno dr.;201;
joss;asian;los angeles;9255 sunset boulevard;sunset boulevard;9255;
le colonial;asian;los angeles;8783 beverly boulevard;beverly boulevard;8783;
le dome;french;los angeles;8720 sunset boulevard;sunset boulevard;8720;
louise\s trattoria';italian;los angeles;4500 los feliz boulevard;los feliz boulevard;4500;
mon kee seafood restaurant;asian;los angeles;679 n. spring st.;n. spring st.;679;
morton\s';american;los angeles;8764 melrose avenue;melrose avenue;8764;
nate \n\' al\'s';american;los angeles;414 n. beverly dr.;n. beverly dr.;414;
nicola;american;los angeles;601 s. figueroa st.;s. figueroa st.;601;
ocean avenue;american;santa monica;1401 ocean avenue;ocean avenue;1401;
orleans;cajun;los angeles;11705 national boulevard;national boulevard;11705;
pacific dining car;american;los angeles;6th st.;6th st.;;
paty\s';american;toluca lake;10001 riverside dr.;riverside dr.;10001;
pinot hollywood;californian;los angeles;1448 n. gower st.;n. gower st.;1448;
posto;italian;sherman oaks;14928 ventura boulevard;ventura boulevard;14928;
prego;italian;los angeles;362 n. camden dr.;n. camden dr.;362;
rj\s the rib joint';american;los angeles;252 n. beverly dr.;n. beverly dr.;252;
remi;italian;santa monica;3rd st. promenade;3rd st. promenade;;
restaurant horikawa;asian;los angeles;111 s. san pedro st.;s. san pedro st.;111;
roscoe\s house of chicken \'n\' waffles';american;los angeles;1514 n. gower st.;n. gower st.;1514;
schatzi on main;continental;los angeles;3110 main st.;main st.;3110;
sofi;mediterranean;los angeles;3rd st.;3rd st.;;
swingers;american;los angeles;8020 beverly boulevard;beverly boulevard;8020;
tavola calda;italian;los angeles;7371 melrose avenue;melrose avenue;7371;
the mandarin;asian;los angeles;430 n. camden dr.;n. camden dr.;430;
tommy tang\s';asian;los angeles;7313 melrose avenue;melrose avenue;7313;
tra di noi;italian;los angeles;3835 cross creek road;cross creek road;3835;
trader vic\s';asian;los angeles;9876 wilshire boulevard;wilshire boulevard;9876;
vida;american;los feliz;1930 north hillhurst avenue;north hillhurst avenue;1930;
west beach cafe;american;los angeles;60 n. venice blvd.;n. venice blvd.;60;
20 mott;asian;new york;20 mott st.  between bowery and pell st.;mott st. between bowery and pell st.;20;
9 jones street;american;new york;9 jones st.;jones st.;9;
adrienne;french;new york;700 5th ave. at 55th st.;5th ave. at 55th st.;700;
agrotikon;mediterranean;new york;322 e. 14 st.  between 1st and 2nd aves.;e. 14 st. between 1st and 2nd aves.;322;
aja;american;new york;937 broadway at 22nd st.;broadway at 22nd st.;937;
alamo;mexican;new york;304 e. 48th st.;e. 48th st.;304;
alley\s end';american;new york;311 w. 17th st.;w. 17th st.;311;
ambassador grill;american;new york;1 united nations plaza at 44th st.;united nations plaza at 44th st.;1;
american place;american;new york;2 park ave. at 32nd st.;park ave. at 32nd st.;2;
anche vivolo;italian;new york;222 e. 58th st.  between 2nd and 3rd aves.;e. 58th st. between 2nd and 3rd aves.;222;
arizona;american;new york;206 206 e. 60th st.;206 e. 60th st.;206;
arturo\s';italian;new york;106 w. houston st.  off thompson st.;w. houston st. off thompson st.;106;
au mandarin;asian;new york;200-250 vesey st. world financial center;;;200-250 vesey st. world financial center
bar anise;mediterranean;new york;1022 3rd ave.  between 60th and 61st sts.;3rd ave. between 60th and 61st sts.;1022;
barbetta;italian;new york;321 w. 46th st.;w. 46th st.;321;
ben benson\s';american;new york;123 w. 52nd st.;w. 52nd st.;123;
big cup;coffee bar;new york;228 8th ave.  between 21st and 22nd sts.;8th ave. between 21st and 22nd sts.;228;
billy\s';american;new york;948 1st ave.  between 52nd and 53rd sts.;1st ave. between 52nd and 53rd sts.;948;
boca chica;latin american;new york;13 1st ave.  near 1st st.;1st ave. near 1st st.;13;
boonthai;asian;new york;1393a 2nd ave.  between 72nd and 73rd sts.;2nd ave. between 72nd and 73rd sts.;1393a;
bouterin;french;new york;420 e. 59th st.  off 1st ave.;e. 59th st. off 1st ave.;420;
brothers bar-b-q;american;new york;225 varick st. at clarkston st.;varick st. at clarkston st.;225;
bruno;italian;new york;240 e. 58th st.;e. 58th st.;240;
bryant park grill  roof restaurant and bp cafe;american;new york;25 w. 40th st.  between 5th and 6th aves.;w. 40th st. between 5th and 6th aves.;25;
c3;american;new york;103 waverly pl.  near washington sq.;waverly pl. near washington sq.;103;
ct;french;new york;111 e. 22nd st.  between park ave. s and lexington ave.;e. 22nd st. between park ave. s and lexington ave.;111;
cafe bianco;coffee bar;new york;1486 2nd ave.  between 77th and 78th sts.;2nd ave. between 77th and 78th sts.;1486;
cafe botanica;french;new york;160 central park s;central park s;160;
cafe la fortuna;coffee bar;new york;69 w. 71st st.;w. 71st st.;69;
cafe luxembourg;french;new york;200 w. 70th st.;w. 70th st.;200;
cafe pierre;french;new york;2 e. 61st st.;e. 61st st.;2;
cafe centro;french;new york;200 park ave.  between 45th st. and vanderbilt ave.;park ave. between 45th st. and vanderbilt ave.;200;
cafe fes;mediterranean;new york;246 w. 4th st. at charles st.;w. 4th st. at charles st.;246;
caffe dante;coffee bar;new york;81 macdougal st.  between houston and bleeker sts.;macdougal st. between houston and bleeker sts.;81;
caffe dell\artista';coffee bar;new york;46 greenwich avenue;greenwich avenue;46;
caffe lure;french;new york;169 sullivan st.  between houston and bleecker sts.;sullivan st. between houston and bleecker sts.;169;
caffe reggio;coffee bar;new york;119 macdougal st.  between 3rd and bleecker sts.;macdougal st. between 3rd and bleecker sts.;119;
caffe roma;coffee bar;new york;385 broome st. at mulberry;broome st. at mulberry;385;
caffe vivaldi;coffee bar;new york;32 jones st. at bleecker st.;jones st. at bleecker st.;32;
caffe bondi ristorante;italian;new york;7 w. 20th st.;w. 20th st.;7;
capsouto freres;french;new york;451 washington st.  near watts st.;washington st. near watts st.;451;
captain\s table';seafood;new york;860 2nd ave. at 46th st.;2nd ave. at 46th st.;860;
casa la femme;middle eastern;new york;150 wooster st.  between houston and prince sts.;wooster st. between houston and prince sts.;150;
cendrillon asian grill & marimba bar;asian;new york;45 mercer st.  between broome and grand sts.;mercer st. between broome and grand sts.;45;
chez jacqueline;french;new york;72 macdougal st.  between w. houston and bleecker sts.;macdougal st. between w. houston and bleecker sts.;72;
chiam;asian;new york;160 e. 48th st.;e. 48th st.;160;
china grill;american;new york;60 w. 53rd st.;w. 53rd st.;60;
cite;french;new york;120 w. 51st st.;w. 51st st.;120;
coco pazzo;italian;new york;23 e. 74th st.;e. 74th st.;23;
columbus bakery;coffee bar;new york;53rd sts.;53rd sts.;;
corrado cafe;coffee bar;new york;1013 3rd ave.  between 60th and 61st sts.;3rd ave. between 60th and 61st sts.;1013;
cupcake cafe;coffee bar;new york;522 9th ave. at 39th st.;9th ave. at 39th st.;522;
da nico;italian;new york;164 mulberry st.  between grand and broome sts.;mulberry st. between grand and broome sts.;164;
dean & deluca;coffee bar;new york;121 prince st.;prince st.;121;
diva;italian;new york;341 w. broadway  near grand st.;w. broadway near grand st.;341;
dix et sept;french;new york;181 w. 10th st.;w. 10th st.;181;
docks;seafood;new york;633 3rd ave. at 40th st.;3rd ave. at 40th st.;633;
duane park cafe;american;new york;157 duane st.  between w. broadway and hudson st.;duane st. between w. broadway and hudson st.;157;
el teddy\s';mexican;new york;219 w. broadway  between franklin and white sts.;w. broadway between franklin and white sts.;219;
emily\s';american;new york;1325 5th ave. at 111th st.;5th ave. at 111th st.;1325;
empire korea;asian;new york;6 e. 32nd st.;e. 32nd st.;6;
ernie\s';american;new york;2150 broadway  between 75th and 76th sts.;broadway between 75th and 76th sts.;2150;
evergreen cafe;asian;new york;1288 1st ave. at 69th st.;1st ave. at 69th st.;1288;
f. ille ponte ristorante;italian;new york;39 desbrosses st.  near west st.;desbrosses st. near west st.;39;
felix;french;new york;340 w. broadway at grand st.;w. broadway at grand st.;340;
ferrier;french;new york;29 e. 65th st.;e. 65th st.;29;
fifty seven fifty seven;american;new york;57 e. 57th st.;e. 57th st.;57;
film center cafe;american;new york;635 9th ave.  between 44th and 45th sts.;9th ave. between 44th and 45th sts.;635;
fiorello\s roman cafe';italian;new york;1900 broadway  between 63rd and 64th sts.;broadway between 63rd and 64th sts.;1900;
firehouse;american;new york;522 columbus ave.  between 85th and 86th sts.;columbus ave. between 85th and 86th sts.;522;
first;american;new york;87 1st ave.  between 5th and 6th sts.;1st ave. between 5th and 6th sts.;87;
fishin eddie;seafood;new york;73 w. 71st st.;w. 71st st.;73;
fleur de jour;coffee bar;new york;348 e. 62nd st.;e. 62nd st.;348;
flowers;american;new york;21 west 17th st.  between 5th and 6th aves.;west 17th st. between 5th and 6th aves.;21;
follonico;italian;new york;6 w. 24th st.;w. 24th st.;6;
fraunces tavern;american;new york;54 pearl st. at broad st.;pearl st. at broad st.;54;
french roast;french;new york;458 6th ave. at 11th st.;6th ave. at 11th st.;458;
french roast cafe;coffee bar;new york;2340 broadway at 85th st.;broadway at 85th st.;2340;
frico bar;italian;new york;402 w. 43rd st.  off 9th ave.;w. 43rd st. off 9th ave.;402;
fujiyama mama;asian;new york;467 columbus ave.  between 82nd and 83rd sts.;columbus ave. between 82nd and 83rd sts.;467;
gabriela\s';mexican;new york;685 amsterdam ave. at 93rd st.;amsterdam ave. at 93rd st.;685;
gallagher\s';american;new york;228 w. 52nd st.;w. 52nd st.;228;
gianni\s';seafood;new york;15 fulton st.;fulton st.;15;
girafe;italian;new york;208 e. 58th st.  between 2nd and 3rd aves.;e. 58th st. between 2nd and 3rd aves.;208;
global;american;new york;33 93 2nd ave between 5th and 6th sts;2nd ave between 5th and 6th sts;33 93;
golden unicorn;asian;new york;18 e. broadway at catherine st.;e. broadway at catherine st.;18;
grand ticino;italian;new york;228 thompson st.  between w. 3rd and bleecker sts.;thompson st. between w. 3rd and bleecker sts.;228;
halcyon;american;new york;151 w. 54th st.  in the rihga royal hotel;w. 54th st.;151;in the rihga royal hotel
hard rock cafe;american;new york;221 w. 57th st.;w. 57th st.;221;
hi-life restaurant and lounge;american;new york;1340 1st ave. at 72nd st.;1st ave. at 72nd st.;1340;
home;american;new york;20 cornelia st.  between bleecker and w. 4th st.;cornelia st. between bleecker and w. 4th st.;20;
hudson river club;american;new york;4 world financial center;world financial center;4;
i trulli;italian;new york;122 e. 27th st.  between lexington and park aves.;e. 27th st.;122;lexington and park aves.
il cortile;italian;new york;125 mulberry st.  between canal and hester sts.;mulberry st. between canal and hester sts.;125;
inca grill;latin american;new york;492 broome st.  near w. broadway;broome st.;492;
indochine;asian;new york;430 lafayette st.  between 4th st. and astor pl.;lafayette st. between 4th st. and astor pl.;430;
internet cafe;coffee bar;new york;82 e. 3rd st.  between 1st and 2nd aves.;e. 3rd st. between 1st and 2nd aves.;82;
ipanema;latin american;new york;13 w. 46th st.;w. 46th st.;13;
jean lafitte;french;new york;68 w. 58th st.;w. 58th st.;68;
jewel of india;asian;new york;15 w. 44th st.;w. 44th st.;15;
jimmy sung\s';asian;new york;219 e. 44th st.  between 2nd and 3rd aves.;e. 44th st. between 2nd and 3rd aves.;219;
joe allen;american;new york;326 w. 46th st.;w. 46th st.;326;
judson grill;american;new york;152 w. 52nd st.;w. 52nd st.;152;
l\absinthe';french;new york;227 e. 67th st.;e. 67th st.;227;
l\auberge';middle eastern;new york;1191 1st ave.  between 64th and 65th sts.;1st ave. between 64th and 65th sts.;1191;
l\auberge du midi';french;new york;310 w. 4th st.  between w. 12th and bank sts.;w. 4th st. between w. 12th and bank sts.;310;
l\udo';french;new york;432 lafayette st.  near astor pl.;lafayette st. near astor pl.;432;
la reserve;french;new york;4 w. 49th st.;w. 49th st.;4;
lanza restaurant;italian;new york;168 1st ave.  between 10th and 11th sts.;1st ave. between 10th and 11th sts.;168;
lattanzi ristorante;italian;new york;361 w. 46th st.;w. 46th st.;361;
layla;middle eastern;new york;211 w. broadway at franklin st.;w. broadway at franklin st.;211;
le chantilly;french;new york;106 e. 57th st.;e. 57th st.;106;
le colonial;asian;new york;149 e. 57th st.;e. 57th st.;149;
le gamin;coffee bar;new york;50 macdougal st.  between houston and prince sts.;macdougal st. between houston and prince sts.;50;
le jardin;french;new york;25 cleveland pl.  near spring st.;cleveland pl. near spring st.;25;
le madri;italian;new york;168 w. 18th st.;w. 18th st.;168;
le marais;american;new york;150 w. 46th st.;w. 46th st.;150;
le perigord;french;new york;405 e. 52nd st.;e. 52nd st.;405;
le select;american;new york;507 columbus ave.  between 84th and 85th sts.;columbus ave. between 84th and 85th sts.;507;
les halles;french;new york;411 park ave. s  between 28th and 29th sts.;park ave. s between 28th and 29th sts.;411;
lincoln tavern;american;new york;51 w. 64th st.;w. 64th st.;51;
lola;american;new york;30 west 22nd st.  between 5th and 6th ave.;west 22nd st. between 5th and 6th ave.;30;
lucky strike;or 212/941-0772 american;new york;59 grand st.  between wooster st. and w. broadway;grand st. between wooster st. and w. broadway;59;
mad fish;seafood;new york;2182 broadway  between 77th and 78th sts.;broadway between 77th and 78th sts.;2182;
main street;american;new york;446 columbus ave.  between 81st and 82nd sts.;columbus ave. between 81st and 82nd sts.;446;
mangia e bevi;italian;new york;800 9th ave. at 53rd st.;9th ave. at 53rd st.;800;
manhattan cafe;american;new york;1161 1st ave.  between 63rd and 64th sts.;1st ave. between 63rd and 64th sts.;1161;
manila garden;asian;new york;325 e. 14th st.  between 1st and 2nd aves.;e. 14th st. between 1st and 2nd aves.;325;
marichu;french;new york;342 e. 46th st.  between 1st and 2nd aves.;e. 46th st. between 1st and 2nd aves.;342;
marquet patisserie;coffee bar;new york;15 e. 12th st.  between 5th ave. and university pl.;e. 12th st. between 5th ave. and university pl.;15;
match;american;new york;160 mercer st.  between houston and prince sts.;mercer st. between houston and prince sts.;160;
matthew\s';american;new york;1030 3rd ave. at 61st st.;3rd ave. at 61st st.;1030;
mavalli palace;asian;new york;46 e. 29th st.;e. 29th st.;46;
milan cafe and coffee bar;coffee bar;new york;120 w. 23rd st.;w. 23rd st.;120;
monkey bar;american;new york;60 e. 54th st.;e. 54th st.;60;
montien;asian;new york;1134 1st ave.   between 62nd and 63rd sts.;1st ave. between 62nd and 63rd sts.;1134;
morton\s';american;new york;551 5th ave. at 45th st.;5th ave. at 45th st.;551;
motown cafe;american;new york;104 w. 57th st.  near 6th ave.;w. 57th st. near 6th ave.;104;
new york kom tang soot bul house;asian;new york;32 w. 32nd st.;w. 32nd st.;32;
new york noodletown;asian;new york;28 1/2 bowery at bayard st.;bowery at bayard st.;28 1/2;
newsbar;coffee bar;new york;2 w. 19th st.;w. 19th st.;2;
odeon;american;new york;145 w. broadway at thomas st.;w. broadway at thomas st.;145;
orso;italian;new york;322 w. 46th st.;w. 46th st.;322;
osteria al droge;italian;new york;142 w. 44th st.;w. 44th st.;142;
otabe;asian;new york;68 e. 56th st.;e. 56th st.;68;
pacifica;asian;new york;138 lafayette st.  between canal and howard sts.;lafayette st. between canal and howard sts.;138;
palio;italian;new york;151 w. 51st. st.;w. 51st st.;151;
pamir;middle eastern;new york;1065 1st ave.  at 58th st.;1st ave. at 58th st.;1065;
parioli romanissimo;italian;new york;24 e. 81st st.;e. 81st st.;24;
patria;latin american;new york;250 park ave. s at 20th st.;park ave. s at 20th st.;250;
peacock alley;french;new york;301 park ave.  between 49th and 50th sts.;park ave. between 49th and 50th sts.;301;
pen & pencil;american;new york;205 e. 45th st.;e. 45th st.;205;
penang soho;asian;new york;109 spring st.  between greene and mercer sts.;spring st. between greene and mercer sts.;109;
persepolis;middle eastern;new york;1423 2nd ave.  between 74th and 75th sts.;2nd ave. between 74th and 75th sts.;1423;
planet hollywood;american;new york;140 w. 57th st.;w. 57th st.;140;
pomaire;latin american;new york;371 w. 46th st.  off 9th ave.;w. 46th st. off 9th ave.;371;
popover cafe;american;new york;551 amsterdam ave.  between 86th and 87th sts.;amsterdam ave. between 86th and 87th sts.;551;
post house;american;new york;28 e. 63rd st.;e. 63rd st.;28;
rain;asian;new york;100 w. 82nd st.;w. 82nd st.;100;
red tulip;eastern european;new york;439 e. 75th st.;e. 75th st.;439;
republic;asian;new york;37a union sq. w  between 16th and 17th sts.;union sq. w between 16th and 17th sts.;37a;
roettelle a. g;continental;new york;126 e. 7th st.  between 1st ave. and ave. a;e. 7th st. between 1st ave. and ave. a;126;
rosa mexicano;mexican;new york;1063 1st ave. at 58th st.;1st ave. at 58th st.;1063;
ruth\s chris';american;new york;148 w. 51st st.;w. 51st st.;148;
s.p.q.r;italian;new york;133 mulberry st.  between hester and grand sts.;mulberry st. between hester and grand sts.;133;
sal anthony\s';italian;new york;55 irving pl.;irving pl.;55;
sammy\s roumanian steak house';east european;new york;157 chrystie st. at delancey st.;chrystie st. at delancey st.;157;
san pietro;italian;new york;18 e. 54th st.;e. 54th st.;18;
sant ambroeus;coffee bar;new york;1000 madison ave.  between 77th and 78th sts.;madison ave. between 77th and 78th sts.;1000;
sarabeth\s kitchen';american;new york;423 amsterdam ave.  between 80th and 81st sts.;amsterdam ave. between 80th and 81st sts.;423;
sea grill;seafood;new york;19 w. 49th st.;w. 49th st.;19;
serendipity;american;new york;3 225 e. 60th st.;e. 60th st.;3 225;
seventh regiment mess and bar;american;new york;643 park ave. at 66th st.;park ave. at 66th st.;643;
sfuzzi;american;new york;58 w. 65th st.;w. 65th st.;58;
shaan;asian;new york;57 w. 48th st.;w. 48th st.;57;
sofia fabulous pizza;italian;new york;1022 madison ave.  near 79th st.;madison ave. near 79th st.;1022;
spring street natural restaurant & bar;american;new york;62 spring st. at lafayette st.;spring st. at lafayette st.;62;
stage deli;delicatessen;new york;834 7th ave.  between 53rd and 54th sts.;7th ave. between 53rd and 54th sts.;834;
stingray;seafood;new york;428 amsterdam ave.  between 80th and 81st sts.;amsterdam ave. between 80th and 81st sts.;428;
sweet\n\'tart cafe';asian;new york;76 mott st. at canal st.;mott st. at canal st.;76;
t salon;coffee bar;new york;143 mercer st. at prince st.;mercer st. at prince st.;143;
tang pavillion;asian;new york;65 w. 55th st.;w. 55th st.;65;
tapika;american;new york;950 8th ave. at 56th st.;8th ave. at 56th st.;950;
teresa\s';east european;new york;103 1st ave.  between 6th and 7th sts.;1st ave. between 6th and 7th sts.;103;
terrace;continental;new york;400 w. 119th st.  between amsterdam and morningside aves.;w. 119th st. between amsterdam and morningside aves.;400;
the coffee pot;coffee bar;new york;350 9th ave. at 49th st.;9th ave. at 49th st.;350;
the savannah club;american;new york;2420 broadway at 89th st.;broadway at 89th st.;2420;
trattoria dell\arte';italian;new york;900 7th ave.  between 56th and 57th sts.;7th ave. between 56th and 57th sts.;900;
triangolo;italian;new york;345 e. 83rd st.;e. 83rd st.;345;
tribeca grill;american;new york;375 greenwich st.  near franklin st.;greenwich st. near franklin st.;375;
trois jean;coffee bar;new york;154 e. 79th st.  between lexington and 3rd aves.;e. 79th st. between lexington and 3rd aves.;154;
tse yang;asian;new york;34 e. 51st st.;e. 51st st.;34;
turkish kitchen;middle eastern;new york;386 3rd ave.  between 27th and 28th sts.;3rd ave. between 27th and 28th sts.;386;
two two two;american;new york;222 w. 79th st.;w. 79th st.;222;
veniero\s pasticceria';coffee bar;new york;342 e. 11th st.  near 1st ave.;e. 11th st. near 1st ave.;342;
verbena;american;new york;54 irving pl. at 17th st.;irving pl. at 17th st.;54;
victor\s cafe';latin american;new york;52 236 w. 52nd st.;236 w. 52nd st.;52;
vince & eddie\s';american;new york;70 w. 68th st.;w. 68th st.;70;
vong;american;new york;200 e. 54th st.;e. 54th st.;200;
water club;american;new york;500 e. 30th st.;e. 30th st.;500;
west;american;new york;63rd street steakhouse 44 w. 63rd st.;w. 63rd st.;44;63rd street steakhouse
xunta;mediterranean;new york;174 1st ave.  between 10th and 11th sts.;1st ave. between 10th and 11th sts.;174;
zen palate;and 212/614-9345 asian;new york;34 union sq. e at 16th st.;union sq. e at 16th st.;34;
zoe;american;new york;90 prince st.  between broadway and mercer st.;prince st. between broadway and mercer st.;90;
abbey;international;atlanta;163 ponce de leon ave.;ponce de leon ave.;163;
aleck\s barbecue heaven';barbecue;atlanta;783 martin luther king jr. dr.;martin luther king jr. dr.;783;
annie\s thai castle';asian;atlanta;3195 roswell road;roswell road;3195;
anthonys;american;atlanta;3109 piedmont road just south of peachtree road;piedmont road just south of peachtree road;3109;
atlanta fish market;american;atlanta;265 pharr road;pharr road;265;
beesley\s of buckhead';continental;atlanta;260 e. paces ferry road;e. paces ferry road;260;
bertolini\s';italian;atlanta;3500 peachtree road phipps plaza;peachtree road phipps plaza;3500;
bistango;mediterranean;atlanta;1100 peachtree st.;peachtree st.;1100;
cafe renaissance;american;atlanta;7050 jimmy carter boulevard norcross;jimmy carter boulevard norcross;7050;
camille\s';italian;atlanta;1186 n. highland ave.;n. highland ave.;1186;
cassis;mediterranean;atlanta;3300 peachtree road grand hyatt;peachtree road grand hyatt;3300;
city grill;international;atlanta;50 hurt plaza;;;50 hurt plaza
coco loco;caribbean;atlanta;40  buckhead crossing mall on the sidney marcus blvd.;marcus blvd.;40;buckhead crossing mall on the sidney
colonnade restaurant;southern;atlanta;1879 cheshire bridge road;cheshire bridge road;1879;
dante\s down the hatch  buckhead';continental;atlanta;3380 peachtree road;peachtree road;3380;
dante\s down the hatch';continental;atlanta;underground underground mall underground atlanta;;;underground underground mall underground
fat matt\s rib shack';barbecue;atlanta;1811 piedmont avenue near cheshire bridge road;piedmont avenue near cheshire bridge road;1811;
french quarter food shop;southern;atlanta;923 peachtree st.  at 8th st.;peachtree st. at 8th st.;923;
holt bros. bar-b-q;barbecue;atlanta;6359 jimmy carter boulevard at buford highway norcross;jimmy carter boulevard at buford highway;6359;
horseradish grill;southern;atlanta;4320 powers ferry road;powers ferry road;4320;
hsu\s gourmet';asian;atlanta;192 peachtree center avenue at international boulevard;peachtree center avenue at international boulevard;192;
imperial fez;mediterranean;atlanta;2285 peachtree road peachtree battle condominium;peachtree road peachtree battle condominium;2285;
kamogawa;asian;atlanta;3300 peachtree road grand hyatt;peachtree road grand hyatt;3300;
la grotta at ravinia dunwoody rd.;italian;atlanta;holiday inn crowne plaza at ravinia dunwoody;;;holiday inn crowne plaza at ravinia dunwoody
little szechuan;asian;atlanta;c buford hwy.  northwoods plaza  doraville;c buford hwy. northwoods plaza;;
lowcountry barbecue;barbecue;atlanta;6301 roswell road sandy springs plaza sandy springs;roswell road;6301;springs plaza sandy springs
luna si;continental;atlanta;1931 peachtree road;peachtree road;1931;
mambo restaurante cubano;caribbean;atlanta;1402 n. highland ave.;n. highland ave.;1402;
mckinnon\s louisiane';southern;atlanta;3209 maple dr.;maple dr.;3209;
mi spia dunwoody rd.;italian;atlanta;park place across from perimeter mall dunwoody;park place across from perimeter mall;;
nickiemoto\s: a sushi bar';fusion;atlanta;247 buckhead avenue east village square;buckhead avenue east village square;247;
palisades;continental;atlanta;1829 peachtree road;peachtree road;1829;
pleasant peasant;american;atlanta;555 peachtree st.  at linden ave.;peachtree st. at linden ave.;555;
pricci;italian;atlanta;500 pharr road;pharr road;500;
r.j.\s uptown kitchen & wine bar';american;atlanta;870 n. highland ave.;n. highland ave.;870;
rib ranch;barbecue;atlanta;25 irby avenue;irby avenue;25;
sa tsu ki;asian;atlanta;3043 buford highway;buford highway;3043;
sato sushi and thai;asian;atlanta;6050 peachtree parkway norcross;peachtree parkway;6050;
south city kitchen;southern;atlanta;1144 crescent avenue;crescent avenue;1144;
south of france;french;atlanta;2345 cheshire bridge road;cheshire bridge road;2345;
stringer\s fish camp and oyster bar';southern;atlanta;3384 shallowford road chamblee;shallowford road;3384;
sundown cafe;american;atlanta;2165 cheshire bridge road;cheshire bridge road;2165;
taste of new orleans;southern;atlanta;889 w. peachtree st.;w. peachtree st.;889;
tomtom;continental;atlanta;3393 peachtree road;peachtree road;3393;
antonio\s';italian;las vegas;3700 w. flamingo;w. flamingo;3700;
bally\s big kitchen';buffets;las vegas;3645 las vegas blvd. s;las vegas blvd. s;3645;
bamboo garden;asian;las vegas;4850 flamingo road;flamingo road;4850;
battista\s hole in the wall';italian;las vegas;4041 audrie st. at flamingo rd.;audrie st. at flamingo rd.;4041;
bertolini\s';italian;las vegas;3570 las vegas blvd. s;las vegas blvd. s;3570;
binion\s coffee shop';coffee shops/diners;las vegas;128 fremont st.;fremont st.;128;
bistro;continental;las vegas;3400 las vegas blvd. s;las vegas blvd. s;3400;
broiler;american;las vegas;4111 boulder highway;boulder highway;4111;
bugsy\s diner';coffee shops/diners;las vegas;3555 las vegas blvd. s;las vegas blvd. s;3555;
cafe michelle;american;las vegas;1350 e. flamingo rd.;e. flamingo rd.;1350;
cafe roma;coffee shops/diners;las vegas;3570 las vegas blvd. s;las vegas blvd. s;3570;
capozzoli\s';italian;las vegas;3333 s. maryland pkwy.;s. maryland pkwy.;3333;
carnival world;buffets;las vegas;3700 w. flamingo rd.;w. flamingo rd.;3700;
center stage plaza hotel;american;las vegas;1 main st.;main st.;1;
circus circus;buffets;las vegas;2880 las vegas blvd. s;las vegas blvd. s;2880;
empress court;asian;las vegas;3570 las vegas blvd. s;las vegas blvd. s;3570;
feast;buffets;las vegas;2411 w. sahara ave.;w. sahara ave.;2411;
golden nugget hotel;buffets;las vegas;129 e. fremont st.;e. fremont st.;129;
golden steer;steak houses;las vegas;308 w. sahara ave.;w. sahara ave.;308;
lillie langtry\s';asian;las vegas;129 e. fremont st.;e. fremont st.;129;
mandarin court;asian;las vegas;1510 e. flamingo rd.;e. flamingo rd.;1510;
margarita\s mexican cantina';mexican;las vegas;3120 las vegas blvd. s;las vegas blvd. s;3120;
mary\s diner';coffee shops/diners;las vegas;5111 w. boulder hwy.;w. boulder hwy.;5111;
mikado;asian;las vegas;3400 las vegas blvd. s;las vegas blvd. s;3400;
pamplemousse;continental;las vegas;400 e. sahara ave.;e. sahara ave.;400;
ralph\s diner';coffee shops/diners;las vegas;3000 las vegas blvd. s;las vegas blvd. s;3000;
the bacchanal;only in las vegas;las vegas;3570 las vegas blvd. s;las vegas blvd. s;3570;
venetian;italian;las vegas;3713 w. sahara ave.;w. sahara ave.;3713;
viva mercado\s';mexican;las vegas;6182 w. flamingo rd.;w. flamingo rd.;6182;
yolie\s';steak houses;las vegas;3900 paradise road;paradise road;3900;
2223;american;san francisco;2223 market st.;market st.;2223;
acquarello;italian;san francisco;1722 sacramento st.;sacramento st.;1722;
bardelli\s';old san francisco;san francisco;243 o\farrell st.';o\farrell st.';243;
betelnut;asian;san francisco;2030 union st.;union st.;2030;
bistro roti;french;san francisco;155 steuart st.;steuart st.;155;
bix;american;san francisco;56 gold st.;gold st.;56;
bizou;french;san francisco;598 fourth st.;fourth st.;598;
buca giovanni;italian;san francisco;800 greenwich st.;greenwich st.;800;
cafe adriano;italian;san francisco;3347 fillmore st.;fillmore st.;3347;
cafe marimba;mexican/latin american/spanish;san francisco;2317 chestnut st.;chestnut st.;2317;
california culinary academy;french;san francisco;625 polk st.;polk st.;625;
capp\s corner';italian;san francisco;1600 powell st.;powell st.;1600;
carta;american;san francisco;1772 market st.;market st.;1772;
chevys;mexican/latin american/spanish;san francisco;4th and howard sts.;4th and howard sts.;;
cypress club;american;san francisco;500 jackson st.;jackson st.;500;
des alpes;french;san francisco;732 broadway;broadway;732;
faz;greek and middle eastern;san francisco;161 sutter st.;sutter st.;161;
fog city diner;american;san francisco;1300 battery st.;battery st.;1300;
garden court;old san francisco;san francisco;market and new montgomery streets;;;market and new montgomery streets
gaylord\s';asian;san francisco;ghirardelli square;ghirardelli square;;
grand cafe hotel monaco;american;san francisco;501 geary st.;geary st.;501;
greens;vegetarian;san francisco;building a fort mason;fort mason;;building a
harbor village;asian;san francisco;4 embarcadero center;embarcadero center;4;
harris\',2100 van ness ave.';476;415/673-1888;san francisco;;;
harry denton\s';american;san francisco;161 steuart st.;steuart st.;161;
hayes street grill;seafood;san francisco;320 hayes st.;hayes st.;320;
helmand;greek and middle eastern;san francisco;430 broadway;broadway;430;
hong kong flower lounge;asian;san francisco;5322 geary boulevard;geary boulevard;5322;
hong kong villa;asian;san francisco;2332 clement st.;clement st.;2332;
hyde street bistro;italian;san francisco;1521 hyde st.;hyde st.;1521;
il fornaio levi\s plaza';italian;san francisco;1265 battery st.;battery st.;1265;
izzy\s steak & chop house';steak houses;san francisco;3345 steiner st.;steiner st.;3345;
jack\s';old san francisco;san francisco;615 sacramento st.;sacramento st.;615;
kabuto sushi;asian;san francisco;5116 geary boulevard;geary boulevard;5116;
katia\s';;san francisco;600 5th ave.;5th ave.;600;
kuleto\s';italian;san francisco;221 powell st.;powell st.;221;
kyo-ya. sheraton palace hotel;asian;san francisco;2 new montgomery st.  at market st.;new montgomery st. at market st.;2;
l\osteria del forno';italian;san francisco;519 columbus avenue;columbus avenue;519;
le central;french;san francisco;453 bush st.;bush st.;453;
le soleil;asian;san francisco;133 clement st.;clement st.;133;
macarthur park;american;san francisco;607 front st.;front st.;607;
manora;asian;san francisco;3226 mission st.;mission st.;3226;
maykadeh;greek and middle eastern;san francisco;470 green st.;green st.;470;
mccormick & kuleto\s';seafood;san francisco;ghirardelli square;ghirardelli square;;
millennium;vegetarian;san francisco;246 mcallister st.;mcallister st.;246;
moose\s';mediterranean;san francisco;1652 stockton st.;stockton st.;1652;
north india;asian;san francisco;3131 webster st.;webster st.;3131;
one market;american;san francisco;1 market st.;market st.;1;
oritalia;italian;san francisco;1915 fillmore st.;fillmore st.;1915;
pacific pan pacific hotel;french;san francisco;500 post st.;post st.;500;
palio d\asti';italian;san francisco;640 sacramento st.;sacramento st.;640;
pane e vino;italian;san francisco;3011 steiner st.;steiner st.;3011;
pastis;french;san francisco;1015 battery st.;battery st.;1015;
perry\s';american;san francisco;1944 union st.;union st.;1944;
r&g lounge;or 415/982-3811 asian;san francisco;631 b kearny st.;kearny st.;631 b;
rubicon;american;san francisco;558 sacramento st.;sacramento st.;558;
rumpus;american;san francisco;1 tillman pl.;tillman pl.;1;
sanppo;asian;san francisco;1702 post st.;post st.;1702;
scala\s bistro';italian;san francisco;432 powell st.;powell st.;432;
south park cafe;french;san francisco;108 south park;south park;108;
splendido embarcadero;mediterranean;san francisco;4;;;
stars;american;san francisco;150 redwood alley;redwood alley;150;
stars cafe;american;san francisco;500 van ness avenue;van ness avenue;500;
stoyanof\s cafe';greek and middle eastern;san francisco;1240 9th ave.;9th ave.;1240;
straits cafe;asian;san francisco;3300 geary boulevard;geary boulevard;3300;
suppenkuche;russian/german;san francisco;601 hayes st.;hayes st.;601;
tadich grill;seafood;san francisco;240 california st.;california st.;240;
the heights;french;san francisco;3235 sacramento st.;sacramento st.;3235;
thepin;asian;san francisco;298 gough st.;gough st.;298;
ton kiang;asian;san francisco;3148 geary boulevard;geary boulevard;3148;
vertigo;mediterranean;san francisco;600 montgomery st.;montgomery st.;600;
vivande porta via;italian;san francisco;2125 fillmore st.;fillmore st.;2125;
vivande ristorante;italian;san francisco;670 golden gate avenue;golden gate avenue;670;
world wrapps;american;san francisco;2257 chestnut st.;chestnut st.;2257;
wu kong;asian;san francisco;101 spear st.;spear st.;101;
yank sing;asian;san francisco;427 battery st.;battery st.;427;
yaya cuisine;greek and middle eastern;san francisco;1220 9th ave.;9th ave.;1220;
yoyo tsumami bistro;french;san francisco;1611 post st.;post st.;1611;
zarzuela;mexican/latin american/spanish;san francisco;2000 hyde st.;hyde st.;2000;
zuni cafe & grill;mediterranean;san francisco;1658 market st.;market st.;1658;
apple pan  the;american;west la;10801 w. pico blvd.;w. pico blvd.;10801;
asahi ramen;noodle shops;west la;2027 sawtelle boulevard;sawtelle boulevard;2027;
baja fresh;mexican;westlake village;3345 kimber dr.;kimber dr.;3345;
belvedere  the;pacific new wave;beverly hills;9882 little santa monica boulevard;little santa monica boulevard;9882;
benita\s frites';fast food;santa monica;1433 third st. promenade;third st. promenade;1433;
bernard\s';continental;los angeles;515 s. olive st.;s. olive st.;515;
bistro 45;californian;pasadena;45 s. mentor ave.;s. mentor ave.;45;
brent\s deli';delis;northridge;19565 parthenia avenue;parthenia avenue;19565;
brighton coffee shop;coffee shops;beverly hills;9600 brighton way;brighton way;9600;
bristol farms market cafe;californian;pasadena;1570 rosecrans ave. s.;rosecrans ave. s.;1570;
bruno\s';italian;mar vista;3838 centinela avenue;centinela avenue;3838;
cafe \50s';american;venice;838 lincoln boulevard;lincoln boulevard;838;
cafe blanc;pacific new wave;beverly hills;9777 little santa monica boulevard;little santa monica boulevard;9777;
cassell\s';hamburgers;la;3266 w. sixth st.;w. sixth st.;3266;
chez melange;eclectic;redondo beach;1716 pch;pch;1716;
diaghilev;russian;w. hollywood;1020 n. san vicente blvd.;n. san vicente blvd.;1020;
don antonio\s';italian;westwood;1136 westwood boulevard;westwood boulevard;1136;
duke\s';coffee shops;w. hollywood;8909 sunset boulevard;sunset boulevard;8909;
falafel king;middle eastern;westwood;1059 broxton avenue;broxton avenue;1059;
feast from the east;chinese;west la;1949 westwood boulevard;westwood boulevard;1949;
gumbo pot  the;cajun/creole;la;6333 w. third st.;w. third st.;6333;
hollywood hills coffee shop;coffee shops;hollywood;6145 franklin avenue;franklin avenue;6145;
indo cafe;indonesian;la;10428 1 2 national boulevard;national boulevard;2;
jan\s family restaurant';coffee shops;la;8424 beverly boulevard;beverly boulevard;8424;
jiraffe;californian;santa monica;502 santa monica boulevard;santa monica boulevard;502;
jody maroni\s sausage kingdom';hot dogs;venice;2011 ocean front walk;ocean front walk;2011;
joe\s';american (new);venice;1023 abbot kinney boulevard;abbot kinney boulevard;1023;
john o\groats';coffee shops;west la;10516 w. pico blvd.;w. pico blvd.;10516;
johnnie\s pastrami';delis;culver city;4017 s. sepulveda blvd.;s. sepulveda blvd.;4017;
johnny reb\s southern smokehouse';southern/soul;long beach;4663 long beach boulevard;long beach boulevard;4663;
johnny rockets (la);american;la;7507 melrose avenue;melrose avenue;7507;
killer shrimp;seafood;studio city;4000 colfax avenue;colfax avenue;4000;
kokomo cafe;american;la;6333 w. third st.;w. third st.;6333;
koo koo roo;chicken;la;8393 w. beverly blvd.;w. beverly blvd.;8393;
la cachette;french (new);century city;10506 little santa monica boulevard;little santa monica boulevard;10506;
la salsa (la);mexican;malibu;22800 pch;pch;22800;
la serenata de garibaldi;mexican/tex-mex;st. boyle hts.;1842 e. first;e. first;1842;
langer\s';delis;la;704 s. alvarado st.;s. alvarado st.;704;
local nochol;health food;westlake village;30869 1000 oaks boulevard;1000 oaks boulevard;30869;
main course  the;american;rancho park;10509 w. pico blvd.;w. pico blvd.;10509;
mani\s bakery & espresso bar';desserts;la;519 s. fairfax ave.;s. fairfax ave.;519;
martha\s';american;st. hermosa beach;22nd street grill 25 22nd;22nd;25;22nd street grill
maxwell\s cafe';american;marina del rey;13329 washington boulevard;washington boulevard;13329;
michael\s (los angeles)';californian;santa monica;1147 third st.;third st.;1147;
mishima;noodle shops;la;8474 w. third st.;w. third st.;8474;
mo better meatty meat;hamburgers;la;7261 melrose avenue;melrose avenue;7261;
mulberry st.;pizza;encino;17040 ventura boulevard;ventura boulevard;17040;
ocean park cafe;american;santa monica;3117 ocean park boulevard;ocean park boulevard;3117;
ocean star;seafood;monterey park;145 n. atlantic blvd.;n. atlantic blvd.;145;
original pantry bakery;diners;la;875 s. figueroa st. downtown;s. figueroa st.;875;
parkway grill;californian;pasadena;510 s. arroyo pkwy.;s. arroyo pkwy.;510;
pho hoa;vietnamese;chinatown;642 broadway;broadway;642;
pink\s famous chili dogs';hot dogs;la;709 n. la brea ave.;n. la brea ave.;709;
poquito mas;mexican;burbank;2635 w. olive ave.;w. olive ave.;2635;
r-23;japanese;los angeles;923 e. third st.;e. third st.;923;
rae\s';diners;santa monica;2901 pico boulevard;pico boulevard;2901;
rubin\s red hots';hot dogs;encino;15322 ventura boulevard;ventura boulevard;15322;
ruby\s (la)';diners;pasadena;45 s. fair oaks ave.;s. fair oaks ave.;45;
russell\s burgers';hamburgers;seal beach;1198 pch;pch;1198;
ruth\s chris steak house (los angeles)';steakhouses;beverly hills;224 s. beverly dr.;s. beverly dr.;224;
shiro;pacific new wave;pasadena;1505 mission st. s.;mission st. s.;1505;
sushi nozawa;japanese;studio city;11288 ventura boulevard;ventura boulevard;11288;
sweet lady jane;desserts;la;8360 melrose avenue;melrose avenue;8360;
taiko;noodle shops;brentwood;11677 san vicente boulevard;san vicente boulevard;11677;
tommy\s';hamburgers;la;2575 beverly boulevard;beverly boulevard;2575;
uncle bill\s pancake house';diners;manhattan beach;1305 highland avenue;highland avenue;1305;
water grill;seafood;los angeles;544 s. grand ave.;s. grand ave.;544;
zankou chicken;middle eastern;glendale;1415 e. colorado st.;e. colorado st.;1415;
afghan kebab house;afghan;new york city;764 ninth ave.;ninth ave.;764;
arcadia;american (new);new york city;21 e. 62nd st.;e. 62nd st.;21;
benny\s burritos';mexican;new york city;93 avenue a;avenue a;93;
cafe con leche;cuban;new york city;424 amsterdam avenue;amsterdam avenue;424;
corner bistro;hamburgers;new york city;331 w. fourth st.;w. fourth st.;331;
cucina della fontana;italian;new york city;368 bleecker st.;bleecker st.;368;
cucina di pesce;seafood;new york city;87 e. fourth st.;e. fourth st.;87;
darbar;indian;new york city;44 w. 56th st.;w. 56th st.;44;
ej\s luncheonette';diners;new york city;432 sixth ave.;sixth ave.;432;
edison cafe;diners;new york city;228 w. 47th st.;w. 47th st.;228;
elias corner;greek;queens;24-02 31st st.;31st st.;24-02;
good enough to eat;american;new york city;483 amsterdam avenue;amsterdam avenue;483;
gray\s papaya';hot dogs;new york city;2090 broadway;broadway;2090;
il mulino;italian;new york city;86 w. third st.;w. third st.;86;
jackson diner;indian;queens;37-03 74th st.;74th st.;37-03;
joe\s shanghai';chinese;queens;9 pell st.;pell st.;9;
john\s pizzeria';pizza;new york city;48 w. 65th st.;w. 65th st.;48;
kelley & ping;pan-asian;new york city;127 greene st.;greene st.;127;
kiev;ukrainian;new york city;117 second ave.;second ave.;117;
kuruma zushi;japanese;new york city;2nd fl.;;;
la caridad;cuban;new york city;2199 broadway;broadway;2199;
la grenouille;french (classic);new york city;3 e. 52nd st.;e. 52nd st.;3;
lemongrass grill;thai;brooklyn;61a seventh ave.;seventh ave.;61a;
lombardi\s';pizza;new york city;32 spring st.;spring st.;32;
marnie\s noodle shop';asian;new york city;466 hudson st.;hudson st.;466;
menchanko-tei;japanese;new york city;39 w. 55th st.;w. 55th st.;39;
mitali east-west;indian;new york city;296 bleecker st.;bleecker st.;296;
monsoon (ny);thai;new york city;435 amsterdam avenue;amsterdam avenue;435;
moustache;middle eastern;brooklyn;405 atlantic avenue;atlantic avenue;405;
nobu;japanese;new york city;105 hudson st.;hudson st.;105;
one if by land  tibs;continental;new york city;17 barrow st.;barrow st.;17;
oyster bar;seafood;new york city;lower level;;;
palm;steakhouses;new york city;837 second ave.;second ave.;837;
palm too;steakhouses;new york city;840 second ave.;second ave.;840;
patsy\s pizza';pizza;brooklyn;19 old fulton st.;old fulton st.;19;
peter luger steak house;steakhouses;brooklyn;178 broadway;broadway;178;
rose of india;indian;new york city;308 e. sixth st.;e. sixth st.;308;
sam\s noodle shop';chinese;new york city;411 third ave.;third ave.;411;
sarabeth\s';american;new york city;1295 madison avenue;madison avenue;1295;
sparks steak house;steakhouses;new york city;210 e. 46th st.;e. 46th st.;210;
stick to your ribs;bbq;queens;5-16 51st ave.;51st ave.;5-16;
sushisay;japanese;new york city;38 e. 51st st.;e. 51st st.;38;
sylvia\s';southern/soul;new york city;328 lenox avenue;lenox avenue;328;
szechuan hunan cottage;chinese;new york city;1588 york avenue;york avenue;1588;
szechuan kitchen;chinese;new york city;1460 first ave.;first ave.;1460;
teresa\s';polish;queens;80 montague st.;montague st.;80;
thai house cafe;thai;new york city;151 hudson st.;hudson st.;151;
thailand restaurant;thai;new york city;106 bayard st.;bayard st.;106;
veselka;ukrainian;new york city;144 second ave.;second ave.;144;
westside cottage;chinese;new york city;689 ninth ave.;ninth ave.;689;
windows on the world;eclectic;new york city;107th fl.;;;
wollensky\s grill';steakhouses;new york city;205 e. 49th st.;e. 49th st.;205;
yama;japanese;new york city;122 e. 17th st.;e. 17th st.;122;
zarela;mexican;new york city;953 second ave.;second ave.;953;
andre\s french restaurant';french (classic);las vegas;401 s. 6th st.;s. 6th st.;401;
buccaneer bay club;continental;las vegas;3300 las vegas blvd. s.;las vegas blvd. s.;3300;
buzio\s in the rio';seafood;las vegas;3700 w. flamingo rd.;w. flamingo rd.;3700;
emeril\s new orleans fish house';seafood;las vegas;3799 las vegas blvd. s.;las vegas blvd. s.;3799;
fiore rotisserie & grille;italian;las vegas;3700 w. flamingo rd.;w. flamingo rd.;3700;
hugo\s cellar';continental;las vegas;202 e. fremont st.;e. fremont st.;202;
madame ching\s';asian;las vegas;3300 las vegas blvd. s.;las vegas blvd. s.;3300;
mayflower cuisinier;chinese;las vegas;4750 w. sahara ave.;w. sahara ave.;4750;
michael\s (las vegas)';continental;las vegas;3595 las vegas blvd. s.;las vegas blvd. s.;3595;
monte carlo;french (new);las vegas;3145 las vegas blvd. s.;las vegas blvd. s.;3145;
moongate;chinese;las vegas;3400 las vegas blvd. s.;las vegas blvd. s.;3400;
morton\s of chicago (las vegas)';steakhouses;las vegas;3200 las vegas blvd. s.;las vegas blvd. s.;3200;
nicky blair\s';italian;las vegas;3925 paradise road;paradise road;3925;
piero\s restaurant';italian;las vegas;355 convention center dr.;convention center dr.;355;
spago (las vegas);californian;las vegas;3500 las vegas blvd. s.;las vegas blvd. s.;3500;
steakhouse  the;steakhouses;las vegas;128 e. fremont st.;e. fremont st.;128;
stefano\s';italian;las vegas;129 fremont st.;fremont st.;129;
sterling brunch;eclectic;las vegas;3645 las vegas blvd. s.;las vegas blvd. s.;3645;
tre visi;italian;las vegas;3799 las vegas blvd. s.;las vegas blvd. s.;3799;
103 west;continental;atlanta;103 w. paces ferry rd.;w. paces ferry rd.;103;
alon\s at the terrace';sandwiches;atlanta;659 peachtree st.;peachtree st.;659;
baker\s cajun cafe';cajun/creole;atlanta;1134 euclid avenue;euclid avenue;1134;
barbecue kitchen;bbq;atlanta;1437 virginia avenue;virginia avenue;1437;
bistro  the;french bistro;atlanta;56 e. andrews dr. nw;e. andrews dr. nw;56;
bobby & june\s kountry kitchen';southern/soul;atlanta;375 14th st.;14th st.;375;
bradshaw\s restaurant';southern/soul;atlanta;2911 s. pharr court;s. pharr court;2911;
brookhaven cafe;vegetarian;atlanta;4274 peachtree road;peachtree road;4274;
cafe sunflower;health food;atlanta;5975 roswell road;roswell road;5975;
canoe;american (new);atlanta;4199 paces ferry road;paces ferry road;4199;
carey\s';hamburgers;marietta;1021 cobb pkwy. se;cobb pkwy. se;1021;
carey\s corner';hamburgers;marietta;1215 powers ferry road;powers ferry road;1215;
chops;steakhouses;atlanta;70 w. paces ferry rd.;w. paces ferry rd.;70;
chopstix;chinese;atlanta;4279 roswell road;roswell road;4279;
deacon burton\s soulfood restaurant';southern/soul;atlanta;1029 edgewood ave. se;edgewood ave. se;1029;
eats;italian;atlanta;600 ponce de leon ave.;ponce de leon ave.;600;
flying biscuit  the;eclectic;atlanta;1655 mclendon avenue;mclendon avenue;1655;
frijoleros;tex-mex;atlanta;1031 peachtree st. ne;peachtree st. ne;1031;
greenwood\s';southern/soul;roswell;1087 green st.;green st.;1087;
harold\s barbecue';bbq;atlanta;171 mcdonough boulevard;mcdonough boulevard;171;
havana sandwich shop;cuban;atlanta;2905 buford highway;buford highway;2905;
house of chan;chinese;smyrna;2469 cobb parkway;cobb parkway;2469;
indian delights;indian;duluth;3675 satellite boulevard;satellite boulevard;3675;
java jive;coffee shops;atlanta;790 ponce de leon ave.;ponce de leon ave.;790;
johnny rockets (at);american;atlanta;2970 cobb parkway;cobb parkway;2970;
kalo\s coffee house';coffeehouses;decatur;1248 clairmont road;clairmont road;1248;
la fonda latina;spanish;atlanta;4427 roswell road;roswell road;4427;
lettuce souprise you (at);cafeterias;duluth;3525 mall boulevard;mall boulevard;3525;
majestic;diners;atlanta;1031 ponce de leon ave.;ponce de leon ave.;1031;
morton\s of chicago (atlanta)';steakhouses;atlanta;303 peachtree st. ne;peachtree st. ne;303;
my thai;thai;atlanta;1248 clairmont road;clairmont road;1248;
nava;southwestern;atlanta;3060 peachtree road;peachtree road;3060;
nuevo laredo cantina;mexican;atlanta;1495 chattahoochee ave. nw;chattahoochee ave. nw;1495;
original pancake house (at);american;atlanta;4330 peachtree road;peachtree road;4330;
palm  the (atlanta);steakhouses;atlanta;3391 peachtree rd. ne;peachtree rd. ne;3391;
rainbow restaurant;vegetarian;decatur;2118 n. decatur rd.;n. decatur rd.;2118;
riviera;mediterranean;atlanta;519 e. paces ferry rd.;e. paces ferry rd.;519;
silver skillet  the;coffee shops;atlanta;200 14th st. nw;14th st. nw;200;
soto;japanese;atlanta;3330 piedmont road;piedmont road;3330;
thelma\s kitchen';cafeterias;atlanta;764 marietta st. nw;marietta st. nw;764;
tortillas;tex-mex;atlanta;774 ponce de leon ave. ne;ponce de leon ave. ne;774;
van gogh\s restaurant & bar';american (new);roswell;70 w. crossville rd.;w. crossville rd.;70;
veggieland;vegetarian;atlanta;220 sandy springs circle;sandy springs circle;220;
white house restaurant;diners;atlanta;3172 peachtree rd. ne;peachtree rd. ne;3172;
zab-e-lee;thai;college park;4837 old national highway;old national highway;4837;
bill\s place';hamburgers;san francisco;2315 clement st.;clement st.;2315;
cafe flore;californian;san francisco;2298 market st.;market st.;2298;
caffe greco;continental;san francisco;423 columbus avenue;columbus avenue;423;
campo santo;mexican;san francisco;240 columbus avenue;columbus avenue;240;
cha cha cha\s';caribbean;san francisco;1805 haight st.;haight st.;1805;
doidge\s';american;san francisco;2217 union st.;union st.;2217;
dottie\s true blue cafe';diners;san francisco;522 jones st.;jones st.;522;
dusit thai;thai;san francisco;3221 mission st.;mission st.;3221;
ebisu;japanese;san francisco;1283 ninth ave.;ninth ave.;1283;
emerald garden restaurant;vietnamese;san francisco;1550 california st.;california st.;1550;
eric\s chinese restaurant';chinese;san francisco;1500 church st.;church st.;1500;
hamburger mary\s';hamburgers;san francisco;1582 folsom st.;folsom st.;1582;
kelly\s on trinity';californian;san francisco;333 bush st.;bush st.;333;
la cumbre;mexican;san francisco;515 valencia st.;valencia st.;515;
la mediterranee;mediterranean;san francisco;288 noe st.;noe st.;288;
la taqueria;mexican;san francisco;2889 mission st.;mission st.;2889;
mario\s bohemian cigar store cafe';italian;san francisco;2209 polk st.;polk st.;2209;
marnee thai;thai;san francisco;2225 irving st.;irving st.;2225;
mel\s drive-in';hamburgers;san francisco;3355 geary st.;geary st.;3355;
mo\s burgers';hamburgers;san francisco;1322 grant st.;grant st.;1322;
phnom penh cambodian restaurant;cambodian;san francisco;631 larkin st.;larkin st.;631;
roosevelt tamale parlor;mexican;san francisco;2817 24th st.;24th st.;2817;
sally\s cafe & bakery';american;san francisco;300 de haro st.;de haro st.;300;
san francisco bbq;thai;san francisco;1328 18th st.;18th st.;1328;
slanted door;vietnamese;san francisco;584 valencia st.;valencia st.;584;
swan oyster depot;seafood;san francisco;1517 polk st.;polk st.;1517;
thep phanom;thai;san francisco;400 waller st.;waller st.;400;
ti couz;french;san francisco;3108 16th st.;16th st.;3108;
trio cafe;american;san francisco;1870 fillmore st.;fillmore st.;1870;
tu lan;vietnamese;san francisco;8 sixth st.;sixth st.;8;
vicolo pizzeria;pizza;san francisco;201 ivy st.;ivy st.;201;
wa-ha-ka oaxaca mexican grill;mexican;san francisco;2141 polk st.;polk st.;2141;
arnie morton\s of chicago';steakhouses;los angeles;435 s. la cienega blvd.;s. la cienega blvd.;435;
art\s deli';delis;studio city;12224 ventura boulevard;ventura boulevard;12224;
bel-air hotel;californian;bel air;701 stone canyon road;stone canyon road;701;
cafe bizou;french bistro;sherman oaks;14016 ventura boulevard;ventura boulevard;14016;
campanile;californian;los angeles;624 s. la brea ave.;s. la brea ave.;624;
chinois on main;pacific new wave;santa monica;2709 main st.;main st.;2709;
citrus;californian;los angeles;6703 melrose avenue;melrose avenue;6703;
fenix at the argyle;french (new);w. hollywood;8358 sunset boulevard;sunset boulevard;8358;
granita;californian;malibu;23725 w. malibu rd.;w. malibu rd.;23725;
grill  the;american (traditional);beverly hills;9560 dayton way;dayton way;9560;
katsu;japanese;los feliz;1972 hillhurst avenue;hillhurst avenue;1972;
l\orangerie';french (classic);w. hollywood;903 n. la cienega blvd.;n. la cienega blvd.;903;
le chardonnay (los angeles);french bistro;los angeles;8284 melrose avenue;melrose avenue;8284;
locanda veneta;italian;los angeles;8638 w. third st.;w. third st.;8638;
matsuhisa;seafood;beverly hills;129 n. la cienega blvd.;n. la cienega blvd.;129;
palm  the (los angeles);steakhouses;w. hollywood;9001 santa monica boulevard;santa monica boulevard;9001;
patina;californian;los angeles;5955 melrose avenue;melrose avenue;5955;
philippe the original;cafeterias;chinatown;1001 n. alameda st.;n. alameda st.;1001;
pinot bistro;french bistro;studio city;12969 ventura boulevard;ventura boulevard;12969;
rex il ristorante;nuova cucina italian;los angeles;617 s. olive st.;s. olive st.;617;
spago (los angeles);californian;w. hollywood;8795 sunset boulevard;sunset boulevard;8795;
valentino;italian;santa monica;3115 pico boulevard;pico boulevard;3115;
yujean kang\s';chinese;pasadena;67 n. raymond ave.;n. raymond ave.;67;
21 club;american (new);new york city;21 w. 52nd st.;w. 52nd st.;21;
aquavit;scandinavian;new york city;13 w. 54th st.;w. 54th st.;13;
aureole;american (new);new york city;34 e. 61st st.;e. 61st st.;34;
cafe lalo;coffeehouses;new york city;201 w. 83rd st.;w. 83rd st.;201;
cafe des artistes;french (classic);new york city;1 w. 67th st.;w. 67th st.;1;
carmine\s';italian;new york city;2450 broadway;broadway;2450;
carnegie deli;delis;new york city;854 seventh ave.;seventh ave.;854;
chanterelle;french (new);new york city;2 harrison st.;harrison st.;2;
daniel;french (new);new york city;20 e. 76th st.;e. 76th st.;20;
dawat;indian;new york city;210 e. 58th st.;e. 58th st.;210;
felidia;italian;new york city;243 e. 58th st.;e. 58th st.;243;
four seasons;american (new);new york city;99 e. 52nd st.;e. 52nd st.;99;
gotham bar & grill;american (new);new york city;12 e. 12th st.;e. 12th st.;12;
gramercy tavern;american (new);new york city;42 e. 20th st.;e. 20th st.;42;
island spice;caribbean;new york city;402 w. 44th st.;w. 44th st.;402;
jo jo;french bistro;new york city;160 e. 64th st.;e. 64th st.;160;
la caravelle;french (classic);new york city;33 w. 55th st.;w. 55th st.;33;
la cote basque;french (classic);new york city;60 w. 55th st.;w. 55th st.;60;
le bernardin;seafood;new york city;155 w. 51st st.;w. 51st st.;155;
les celebrites;french (classic);new york city;155 w. 58th st.;w. 58th st.;155;
lespinasse (new york city);asian;new york city;2 e. 55th st.;e. 55th st.;2;
lutece;french (classic);new york city;249 e. 50th st.;e. 50th st.;249;
manhattan ocean club;seafood;new york city;57 w. 58th st.;w. 58th st.;57;
march;american (new);new york city;405 e. 58th st.;e. 58th st.;405;
mesa grill;southwestern;new york city;102 fifth ave.;fifth ave.;102;
mi cocina;mexican;new york city;57 jane st.;jane st.;57;
montrachet;french bistro;new york city;239 w. broadway;w. broadway;239;
oceana;seafood;new york city;55 e. 54th st.;e. 54th st.;55;
park avenue cafe (new york city);american (new);new york city;100 e. 63rd st.;e. 63rd st.;100;
petrossian;russian;new york city;182 w. 58th st.;w. 58th st.;182;
picholine;mediterranean;new york city;35 w. 64th st.;w. 64th st.;35;
pisces;seafood;new york city;95 avenue a;avenue a;95;
rainbow room;american (new);new york city;30 rockefeller plaza;;;30 rockefeller plaza
river cafe;american (new);brooklyn;1 water st.;water st.;1;
san domenico;italian;new york city;240 central park s.;central park s.;240;
second avenue deli;delis;new york city;156 second ave.;second ave.;156;
seryna;japanese;new york city;11 e. 53rd st.;e. 53rd st.;11;
shun lee palace;chinese;new york city;155 e. 55th st.;e. 55th st.;155;
sign of the dove;american (new);new york city;1110 third ave.;third ave.;1110;
smith & wollensky;steakhouses;new york city;797 third ave.;third ave.;797;
tavern on the green;american (new);new york city;central park west;;;central park west
uncle nick\s';greek;new york city;747 ninth ave.;ninth ave.;747;
union square cafe;american (new);new york city;21 e. 16th st.;e. 16th st.;21;
virgil\s real bbq';bbq;new york city;152 w. 44th st.;w. 44th st.;152;
chin\s';chinese;las vegas;3200 las vegas blvd. s.;las vegas blvd. s.;3200;
coyote cafe (las vegas);southwestern;las vegas;3799 las vegas blvd. s.;las vegas blvd. s.;3799;
le montrachet bistro;french bistro;las vegas;3000 paradise road;paradise road;3000;
palace court;french (new);las vegas;3570 las vegas blvd. s.;las vegas blvd. s.;3570;
second street grill;pacific rim;las vegas;200 e. fremont st.;e. fremont st.;200;
steak house  the;steakhouses;las vegas;2880 las vegas blvd. s.;las vegas blvd. s.;2880;
tillerman  the;steakhouses;las vegas;2245 e. flamingo rd.;e. flamingo rd.;2245;
abruzzi;italian;atlanta;2355 peachtree rd. ne;peachtree rd. ne;2355;
bacchanalia;californian;atlanta;3125 piedmont road;piedmont road;3125;
bone\s restaurant';steakhouses;atlanta;3130 piedmont rd. ne;piedmont rd. ne;3130;
brasserie le coze;french bistro;atlanta;3393 peachtree road;peachtree road;3393;
buckhead diner;american (new);atlanta;3073 piedmont road;piedmont road;3073;
ciboulette restaurant;french (new);atlanta;1529 piedmont avenue;piedmont avenue;1529;
delectables;cafeterias;atlanta;1 margaret mitchell square;margaret mitchell square;1;
georgia grille;southwestern;atlanta;2290 peachtree road;peachtree road;2290;
hedgerose heights inn  the;continental;atlanta;490 e. paces ferry rd. ne;e. paces ferry rd. ne;490;
heera of india;indian;atlanta;595 piedmont avenue;piedmont avenue;595;
indigo coastal grill;eclectic;atlanta;1397 n. highland ave.;n. highland ave.;1397;
la grotta;italian;atlanta;2637 peachtree rd. ne;peachtree rd. ne;2637;
mary mac\s tea room';southern/soul;atlanta;224 ponce de leon ave.;ponce de leon ave.;224;
nikolai\s roof';continental;atlanta;255 courtland st.;courtland st.;255;
pano\s & paul\'s';american (new);atlanta;1232 w. paces ferry rd.;w. paces ferry rd.;1232;
ritz-carlton cafe (buckhead);american (new);atlanta;3434 peachtree rd. ne;peachtree rd. ne;3434;
ritz-carlton dining room (buckhead);american (new);atlanta;3434 peachtree rd. ne;peachtree rd. ne;3434;
ritz-carlton restaurant;french (classic);atlanta;181 peachtree st.;peachtree st.;181;
toulouse;french (new);atlanta;293-b peachtree rd.;peachtree rd.;293-b;
veni vidi vici;italian;atlanta;41 14th st.;14th st.;41;
alain rondelli;french (new);san francisco;126 clement st.;clement st.;126;
aqua;american (new);san francisco;252 california st.;california st.;252;
boulevard;american (new);san francisco;1 mission st.;mission st.;1;
cafe claude;french bistro;san francisco;7 claude ln.;claude ln.;7;
campton place;american (new);san francisco;340 stockton st.;stockton st.;340;
chez michel;californian;san francisco;804 north point st.;north point st.;804;
fleur de lys;french (new);san francisco;777 sutter st.;sutter st.;777;
fringale;french bistro;san francisco;570 fourth st.;fourth st.;570;
hawthorne lane;californian;san francisco;22 hawthorne st.;hawthorne st.;22;
khan toke thai house;thai;san francisco;5937 geary boulevard;geary boulevard;5937;
la folie;french (new);san francisco;2316 polk st.;polk st.;2316;
lulu restaurant-bis-cafe;mediterranean;san francisco;816 folsom st.;folsom st.;816;
masa\s';french (new);san francisco;648 bush st.;bush st.;648;
mifune;japanese;san francisco;1737 post st.;post st.;1737;
plumpjack cafe;american (new);san francisco;3127 fillmore st.;fillmore st.;3127;
postrio;californian;san francisco;545 post st.;post st.;545;
ritz-carlton dining room (san francisco);french (new);san francisco;600 stockton st.;stockton st.;600;
rose pistola;italian;san francisco;532 columbus avenue;columbus avenue;532;
ritz-carlton cafe (atlanta);american (new);atlanta;181 peachtree st.;peachtree st.;181;
